{
  "v": "4.6.10",
  "fr": 20,
  "ip": 0,
  "op": 10,
  "w": 160,
  "h": 160,
  "nm": "Comp 1",
  "ddd": 0,
  "assets": [],
  "layers": [
    {
      "ddd": 0,
      "ind": 1,
      "ty": 4,
      "nm": "Shape Layer 3",
      "ks": {
        "o": {
          "a": 0,
          "k": 100
        },
        "r": {
          "a": 0,
          "k": 0
        },
        "p": {
          "a": 0,
          "k": [
            80.5,
            76,
            0
          ]
        },
        "a": {
          "a": 0,
          "k": [
            0,
            0,
            0
          ]
        },
        "s": {
          "a": 0,
          "k": [
            116.965,
            127.679,
            100
          ]
        }
      },
      "ao": 0,
      "shapes": [
        {
          "ty": "gr",
          "it": [
            {
              "d": 1,
              "ty": "el",
              "s": {
                "a": 0,
                "k": [
                  120,
                  120
                ]
              },
              "p": {
                "a": 0,
                "k": [
                  0,
                  0
                ]
              },
              "nm": "Ellipse Path 1",
              "mn": "ADBE Vector Shape - Ellipse"
            },
            {
              "ty": "gs",
              "o": {
                "a": 0,
                "k": 100
              },
              "w": {
                "a": 0,
                "k": 4
              },
              "g": {
                "p": 7,
                "k": {
                  "a": 0,
                  "k": [
                    0,
                    0.394,
                    0.906,
                    0.647,
                    0.134,
                    0.395,
                    0.906,
                    0.647,
                    0.268,
                    0.396,
                    0.906,
                    0.647,
                    0.274,
                    0.28,
                    0.849,
                    0.48,
                    0.28,
                    0.165,
                    0.792,
                    0.314,
                    0.64,
                    0.165,
                    0.792,
                    0.314,
                    1,
                    0.165,
                    0.792,
                    0.314
                  ]
                }
              },
              "s": {
                "a": 0,
                "k": [
                  -22.863,
                  -0.406
                ]
              },
              "e": {
                "a": 0,
                "k": [
                  101.338,
                  -0.812
                ]
              },
              "t": 1,
              "lc": 1,
              "lj": 1,
              "ml": 4,
              "nm": "Gradient Stroke 1",
              "mn": "ADBE Vector Graphic - G-Stroke"
            },
            {
              "ty": "tr",
              "p": {
                "a": 0,
                "k": [
                  -0.75,
                  3.25
                ],
                "ix": 2
              },
              "a": {
                "a": 0,
                "k": [
                  0,
                  0
                ],
                "ix": 1
              },
              "s": {
                "a": 0,
                "k": [
                  99.287,
                  100
                ],
                "ix": 3
              },
              "r": {
                "a": 1,
                "k": [
                  {
                    "i": {
                      "x": [
                        0.833
                      ],
                      "y": [
                        0.833
                      ]
                    },
                    "o": {
                      "x": [
                        0.167
                      ],
                      "y": [
                        0.167
                      ]
                    },
                    "n": [
                      "0p833_0p833_0p167_0p167"
                    ],
                    "t": 0,
                    "s": [
                      -720
                    ],
                    "e": [
                      -365
                    ]
                  },
                  {
                    "t": 10
                  }
                ],
                "ix": 6
              },
              "o": {
                "a": 0,
                "k": 100,
                "ix": 7
              },
              "sk": {
                "a": 0,
                "k": 0,
                "ix": 4
              },
              "sa": {
                "a": 0,
                "k": 0,
                "ix": 5
              },
              "nm": "Transform"
            }
          ],
          "nm": "Ellipse 1",
          "np": 3,
          "cix": 2,
          "ix": 1,
          "mn": "ADBE Vector Group"
        }
      ],
      "ip": 0,
      "op": 205,
      "st": 0,
      "bm": 0,
      "sr": 1
    },
    {
      "ddd": 0,
      "ind": 2,
      "ty": 4,
      "nm": "Shape Layer 2",
      "ks": {
        "o": {
          "a": 0,
          "k": 100
        },
        "r": {
          "a": 0,
          "k": -3.003
        },
        "p": {
          "a": 1,
          "k": [
            {
              "i": {
                "x": 0.833,
                "y": 0.833
              },
              "o": {
                "x": 0.167,
                "y": 0.167
              },
              "n": "0p833_0p833_0p167_0p167",
              "t": 0,
              "s": [
                92.75,
                118.75,
                0
              ],
              "e": [
                92.75,
                121.5,
                0
              ],
              "to": [
                0,
                0.45833334326744,
                0
              ],
              "ti": [
                0,
                0,
                0
              ]
            },
            {
              "i": {
                "x": 0.833,
                "y": 0.833
              },
              "o": {
                "x": 0.167,
                "y": 0.167
              },
              "n": "0p833_0p833_0p167_0p167",
              "t": 5,
              "s": [
                92.75,
                121.5,
                0
              ],
              "e": [
                92.75,
                118.75,
                0
              ],
              "to": [
                0,
                0,
                0
              ],
              "ti": [
                0,
                0.45833334326744,
                0
              ]
            },
            {
              "t": 10
            }
          ]
        },
        "a": {
          "a": 0,
          "k": [
            0,
            0,
            0
          ]
        },
        "s": {
          "a": 0,
          "k": [
            84.753,
            96.459,
            100
          ]
        }
      },
      "ao": 0,
      "shapes": [
        {
          "ty": "gr",
          "it": [
            {
              "d": 1,
              "ty": "el",
              "s": {
                "a": 0,
                "k": [
                  8.25,
                  7.75
                ]
              },
              "p": {
                "a": 0,
                "k": [
                  0,
                  0
                ]
              },
              "nm": "Ellipse Path 1",
              "mn": "ADBE Vector Shape - Ellipse"
            },
            {
              "ty": "fl",
              "c": {
                "a": 0,
                "k": [
                  1,
                  1,
                  1,
                  1
                ]
              },
              "o": {
                "a": 0,
                "k": 100
              },
              "r": 1,
              "nm": "Fill 1",
              "mn": "ADBE Vector Graphic - Fill"
            },
            {
              "ty": "tr",
              "p": {
                "a": 0,
                "k": [
                  31.375,
                  -9.375
                ],
                "ix": 2
              },
              "a": {
                "a": 0,
                "k": [
                  0,
                  0
                ],
                "ix": 1
              },
              "s": {
                "a": 0,
                "k": [
                  100,
                  100
                ],
                "ix": 3
              },
              "r": {
                "a": 0,
                "k": 0,
                "ix": 6
              },
              "o": {
                "a": 0,
                "k": 100,
                "ix": 7
              },
              "sk": {
                "a": 0,
                "k": 0,
                "ix": 4
              },
              "sa": {
                "a": 0,
                "k": 0,
                "ix": 5
              },
              "nm": "Transform"
            }
          ],
          "nm": "Ellipse 1",
          "np": 3,
          "cix": 2,
          "ix": 1,
          "mn": "ADBE Vector Group"
        }
      ],
      "ip": 0,
      "op": 11,
      "st": 0,
      "bm": 0,
      "sr": 1
    },
    {
      "ddd": 0,
      "ind": 3,
      "ty": 4,
      "nm": "Shape Layer 1",
      "ks": {
        "o": {
          "a": 0,
          "k": 100
        },
        "r": {
          "a": 0,
          "k": -3.003
        },
        "p": {
          "a": 0,
          "k": [
            88.5,
            119.5,
            0
          ]
        },
        "a": {
          "a": 0,
          "k": [
            0,
            0,
            0
          ]
        },
        "s": {
          "a": 0,
          "k": [
            84.753,
            96.459,
            100
          ]
        }
      },
      "ao": 0,
      "shapes": [
        {
          "ty": "gr",
          "it": [
            {
              "ind": 0,
              "ty": "sh",
              "ix": 1,
              "ks": {
                "a": 1,
                "k": [
                  {
                    "i": {
                      "x": 0.833,
                      "y": 0.833
                    },
                    "o": {
                      "x": 0.167,
                      "y": 0.167
                    },
                    "n": "0p833_0p833_0p167_0p167",
                    "t": 0,
                    "s": [
                      {
                        "i": [
                          [
                            3.047,
                            -1.793
                          ],
                          [
                            0,
                            0
                          ],
                          [
                            0,
                            0
                          ],
                          [
                            0,
                            0
                          ],
                          [
                            0,
                            0
                          ],
                          [
                            10.251,
                            -11.39
                          ],
                          [
                            0,
                            0
                          ],
                          [
                            -5.25,
                            -8.25
                          ],
                          [
                            0,
                            0
                          ],
                          [
                            0.25,
                            -16.25
                          ],
                          [
                            1.225,
                            -6.982
                          ],
                          [
                            -0.905,
                            -0.74
                          ],
                          [
                            -1.515,
                            2.331
                          ],
                          [
                            -18.016,
                            -1.386
                          ],
                          [
                            -1.25,
                            -1
                          ],
                          [
                            6,
                            4.75
                          ],
                          [
                            0,
                            0
                          ],
                          [
                            2.75,
                            2.75
                          ],
                          [
                            -1.538,
                            -1.923
                          ],
                          [
                            -14.25,
                            3.5
                          ],
                          [
                            5.75,
                            8.75
                          ],
                          [
                            0,
                            0
                          ]
                        ],
                        "o": [
                          [
                            -4.25,
                            2.5
                          ],
                          [
                            0,
                            0
                          ],
                          [
                            0,
                            0
                          ],
                          [
                            0,
                            0
                          ],
                          [
                            0,
                            0
                          ],
                          [
                            -2.25,
                            2.5
                          ],
                          [
                            0,
                            0
                          ],
                          [
                            5.25,
                            8.25
                          ],
                          [
                            0,
                            0
                          ],
                          [
                            -0.067,
                            4.324
                          ],
                          [
                            -0.48,
                            2.738
                          ],
                          [
                            4.969,
                            4.06
                          ],
                          [
                            3.25,
                            -5
                          ],
                          [
                            3.25,
                            0.25
                          ],
                          [
                            1.25,
                            1
                          ],
                          [
                            -1.616,
                            -1.28
                          ],
                          [
                            0,
                            0
                          ],
                          [
                            -2.75,
                            -2.75
                          ],
                          [
                            2,
                            2.5
                          ],
                          [
                            14.25,
                            -3.5
                          ],
                          [
                            -5.75,
                            -8.75
                          ],
                          [
                            0,
                            0
                          ]
                        ],
                        "v": [
                          [
                            12.5,
                            -28.75
                          ],
                          [
                            14.75,
                            -20.25
                          ],
                          [
                            4.058,
                            -23.074
                          ],
                          [
                            -4.856,
                            -25.429
                          ],
                          [
                            -11.75,
                            -27.25
                          ],
                          [
                            -41,
                            -20
                          ],
                          [
                            -49,
                            -24.25
                          ],
                          [
                            -50.75,
                            -19
                          ],
                          [
                            -43.75,
                            -15.5
                          ],
                          [
                            -53.893,
                            5.757
                          ],
                          [
                            -53.408,
                            15.217
                          ],
                          [
                            -55.846,
                            21.884
                          ],
                          [
                            -34.069,
                            17.804
                          ],
                          [
                            3,
                            19.5
                          ],
                          [
                            20.75,
                            24.5
                          ],
                          [
                            27.5,
                            19.5
                          ],
                          [
                            16.25,
                            13.25
                          ],
                          [
                            6.5,
                            5
                          ],
                          [
                            7.5,
                            2.25
                          ],
                          [
                            34,
                            11.25
                          ],
                          [
                            57.75,
                            -10.5
                          ],
                          [
                            28.25,
                            -23
                          ]
                        ],
                        "c": true
                      }
                    ],
                    "e": [
                      {
                        "i": [
                          [
                            3.047,
                            -1.793
                          ],
                          [
                            0,
                            0
                          ],
                          [
                            0,
                            0
                          ],
                          [
                            0,
                            0
                          ],
                          [
                            0,
                            0
                          ],
                          [
                            10.251,
                            -11.39
                          ],
                          [
                            0,
                            0
                          ],
                          [
                            -5.25,
                            -8.25
                          ],
                          [
                            0,
                            0
                          ],
                          [
                            0.25,
                            -16.25
                          ],
                          [
                            -3.669,
                            -4.557
                          ],
                          [
                            -1.137,
                            -0.272
                          ],
                          [
                            -1.515,
                            2.331
                          ],
                          [
                            -16.768,
                            6.732
                          ],
                          [
                            -1.25,
                            -1
                          ],
                          [
                            -3.5,
                            8.75
                          ],
                          [
                            0,
                            0
                          ],
                          [
                            2.75,
                            2.75
                          ],
                          [
                            -1.538,
                            -1.923
                          ],
                          [
                            -14.25,
                            3.5
                          ],
                          [
                            5.75,
                            8.75
                          ],
                          [
                            0,
                            0
                          ]
                        ],
                        "o": [
                          [
                            -4.25,
                            2.5
                          ],
                          [
                            0,
                            0
                          ],
                          [
                            0,
                            0
                          ],
                          [
                            0,
                            0
                          ],
                          [
                            0,
                            0
                          ],
                          [
                            -2.25,
                            2.5
                          ],
                          [
                            0,
                            0
                          ],
                          [
                            5.25,
                            8.25
                          ],
                          [
                            0,
                            0
                          ],
                          [
                            -0.067,
                            4.324
                          ],
                          [
                            3.78,
                            4.695
                          ],
                          [
                            1.958,
                            0.468
                          ],
                          [
                            3.25,
                            -5
                          ],
                          [
                            2.089,
                            -0.839
                          ],
                          [
                            1.25,
                            1
                          ],
                          [
                            0.766,
                            -1.914
                          ],
                          [
                            0,
                            0
                          ],
                          [
                            -2.75,
                            -2.75
                          ],
                          [
                            2,
                            2.5
                          ],
                          [
                            14.25,
                            -3.5
                          ],
                          [
                            -5.75,
                            -8.75
                          ],
                          [
                            0,
                            0
                          ]
                        ],
                        "v": [
                          [
                            17.25,
                            -31.25
                          ],
                          [
                            14.75,
                            -20.25
                          ],
                          [
                            4.058,
                            -23.074
                          ],
                          [
                            -4.856,
                            -25.429
                          ],
                          [
                            -11.75,
                            -27.25
                          ],
                          [
                            -41,
                            -20
                          ],
                          [
                            -47,
                            -25.25
                          ],
                          [
                            -49.75,
                            -21
                          ],
                          [
                            -43.75,
                            -15.5
                          ],
                          [
                            -51.622,
                            5.9
                          ],
                          [
                            -45.305,
                            20.797
                          ],
                          [
                            -33.415,
                            31.38
                          ],
                          [
                            -28.75,
                            20.25
                          ],
                          [
                            3,
                            19.5
                          ],
                          [
                            5.373,
                            30.77
                          ],
                          [
                            16.894,
                            23.152
                          ],
                          [
                            16,
                            12.25
                          ],
                          [
                            6.5,
                            5
                          ],
                          [
                            7.5,
                            2.25
                          ],
                          [
                            31.75,
                            12.75
                          ],
                          [
                            57.75,
                            -6.5
                          ],
                          [
                            28.25,
                            -23
                          ]
                        ],
                        "c": true
                      }
                    ]
                  },
                  {
                    "i": {
                      "x": 0.833,
                      "y": 0.833
                    },
                    "o": {
                      "x": 0.167,
                      "y": 0.167
                    },
                    "n": "0p833_0p833_0p167_0p167",
                    "t": 3,
                    "s": [
                      {
                        "i": [
                          [
                            3.047,
                            -1.793
                          ],
                          [
                            0,
                            0
                          ],
                          [
                            0,
                            0
                          ],
                          [
                            0,
                            0
                          ],
                          [
                            0,
                            0
                          ],
                          [
                            10.251,
                            -11.39
                          ],
                          [
                            0,
                            0
                          ],
                          [
                            -5.25,
                            -8.25
                          ],
                          [
                            0,
                            0
                          ],
                          [
                            0.25,
                            -16.25
                          ],
                          [
                            -3.669,
                            -4.557
                          ],
                          [
                            -1.137,
                            -0.272
                          ],
                          [
                            -1.515,
                            2.331
                          ],
                          [
                            -16.768,
                            6.732
                          ],
                          [
                            -1.25,
                            -1
                          ],
                          [
                            -3.5,
                            8.75
                          ],
                          [
                            0,
                            0
                          ],
                          [
                            2.75,
                            2.75
                          ],
                          [
                            -1.538,
                            -1.923
                          ],
                          [
                            -14.25,
                            3.5
                          ],
                          [
                            5.75,
                            8.75
                          ],
                          [
                            0,
                            0
                          ]
                        ],
                        "o": [
                          [
                            -4.25,
                            2.5
                          ],
                          [
                            0,
                            0
                          ],
                          [
                            0,
                            0
                          ],
                          [
                            0,
                            0
                          ],
                          [
                            0,
                            0
                          ],
                          [
                            -2.25,
                            2.5
                          ],
                          [
                            0,
                            0
                          ],
                          [
                            5.25,
                            8.25
                          ],
                          [
                            0,
                            0
                          ],
                          [
                            -0.067,
                            4.324
                          ],
                          [
                            3.78,
                            4.695
                          ],
                          [
                            1.958,
                            0.468
                          ],
                          [
                            3.25,
                            -5
                          ],
                          [
                            2.089,
                            -0.839
                          ],
                          [
                            1.25,
                            1
                          ],
                          [
                            0.766,
                            -1.914
                          ],
                          [
                            0,
                            0
                          ],
                          [
                            -2.75,
                            -2.75
                          ],
                          [
                            2,
                            2.5
                          ],
                          [
                            14.25,
                            -3.5
                          ],
                          [
                            -5.75,
                            -8.75
                          ],
                          [
                            0,
                            0
                          ]
                        ],
                        "v": [
                          [
                            17.25,
                            -31.25
                          ],
                          [
                            14.75,
                            -20.25
                          ],
                          [
                            4.058,
                            -23.074
                          ],
                          [
                            -4.856,
                            -25.429
                          ],
                          [
                            -11.75,
                            -27.25
                          ],
                          [
                            -41,
                            -20
                          ],
                          [
                            -47,
                            -25.25
                          ],
                          [
                            -49.75,
                            -21
                          ],
                          [
                            -43.75,
                            -15.5
                          ],
                          [
                            -51.622,
                            5.9
                          ],
                          [
                            -45.305,
                            20.797
                          ],
                          [
                            -33.415,
                            31.38
                          ],
                          [
                            -28.75,
                            20.25
                          ],
                          [
                            3,
                            19.5
                          ],
                          [
                            5.373,
                            30.77
                          ],
                          [
                            16.894,
                            23.152
                          ],
                          [
                            16,
                            12.25
                          ],
                          [
                            6.5,
                            5
                          ],
                          [
                            7.5,
                            2.25
                          ],
                          [
                            31.75,
                            12.75
                          ],
                          [
                            57.75,
                            -6.5
                          ],
                          [
                            28.25,
                            -23
                          ]
                        ],
                        "c": true
                      }
                    ],
                    "e": [
                      {
                        "i": [
                          [
                            3.047,
                            -1.793
                          ],
                          [
                            0,
                            0
                          ],
                          [
                            0,
                            0
                          ],
                          [
                            0,
                            0
                          ],
                          [
                            0,
                            0
                          ],
                          [
                            10.251,
                            -11.39
                          ],
                          [
                            0,
                            0
                          ],
                          [
                            -5.25,
                            -8.25
                          ],
                          [
                            0,
                            0
                          ],
                          [
                            -4.75,
                            -15.75
                          ],
                          [
                            -1.508,
                            -1.838
                          ],
                          [
                            -1.37,
                            0.576
                          ],
                          [
                            -1.022,
                            1.572
                          ],
                          [
                            -18.016,
                            -1.386
                          ],
                          [
                            -1.25,
                            -1
                          ],
                          [
                            3.344,
                            13.375
                          ],
                          [
                            0,
                            0
                          ],
                          [
                            2.75,
                            2.75
                          ],
                          [
                            -1.538,
                            -1.923
                          ],
                          [
                            -14.25,
                            3.5
                          ],
                          [
                            5.75,
                            8.75
                          ],
                          [
                            0,
                            0
                          ]
                        ],
                        "o": [
                          [
                            -4.25,
                            2.5
                          ],
                          [
                            0,
                            0
                          ],
                          [
                            0,
                            0
                          ],
                          [
                            0,
                            0
                          ],
                          [
                            0,
                            0
                          ],
                          [
                            -2.25,
                            2.5
                          ],
                          [
                            0,
                            0
                          ],
                          [
                            5.25,
                            8.25
                          ],
                          [
                            0,
                            0
                          ],
                          [
                            1.604,
                            5.318
                          ],
                          [
                            1.554,
                            1.894
                          ],
                          [
                            1.238,
                            -0.52
                          ],
                          [
                            3.25,
                            -5
                          ],
                          [
                            3.25,
                            0.25
                          ],
                          [
                            1.25,
                            1
                          ],
                          [
                            -0.5,
                            -2
                          ],
                          [
                            0,
                            0
                          ],
                          [
                            -2.75,
                            -2.75
                          ],
                          [
                            2,
                            2.5
                          ],
                          [
                            14.25,
                            -3.5
                          ],
                          [
                            -5.75,
                            -8.75
                          ],
                          [
                            0,
                            0
                          ]
                        ],
                        "v": [
                          [
                            18.5,
                            -27.75
                          ],
                          [
                            14.75,
                            -20.25
                          ],
                          [
                            4.058,
                            -23.074
                          ],
                          [
                            -4.856,
                            -25.429
                          ],
                          [
                            -11.75,
                            -27.25
                          ],
                          [
                            -41,
                            -20
                          ],
                          [
                            -47.5,
                            -26
                          ],
                          [
                            -48.75,
                            -20.5
                          ],
                          [
                            -43.75,
                            -15.5
                          ],
                          [
                            -48.5,
                            16.5
                          ],
                          [
                            -43.812,
                            26.951
                          ],
                          [
                            -39.405,
                            28.618
                          ],
                          [
                            -36,
                            25.25
                          ],
                          [
                            3,
                            19.5
                          ],
                          [
                            17,
                            26.75
                          ],
                          [
                            27.5,
                            19.5
                          ],
                          [
                            16.25,
                            13.25
                          ],
                          [
                            6.5,
                            5
                          ],
                          [
                            7.5,
                            2.25
                          ],
                          [
                            33.25,
                            13
                          ],
                          [
                            58.25,
                            -6.75
                          ],
                          [
                            28.5,
                            -22
                          ]
                        ],
                        "c": true
                      }
                    ]
                  },
                  {
                    "i": {
                      "x": 0.833,
                      "y": 0.833
                    },
                    "o": {
                      "x": 0.167,
                      "y": 0.167
                    },
                    "n": "0p833_0p833_0p167_0p167",
                    "t": 6,
                    "s": [
                      {
                        "i": [
                          [
                            3.047,
                            -1.793
                          ],
                          [
                            0,
                            0
                          ],
                          [
                            0,
                            0
                          ],
                          [
                            0,
                            0
                          ],
                          [
                            0,
                            0
                          ],
                          [
                            10.251,
                            -11.39
                          ],
                          [
                            0,
                            0
                          ],
                          [
                            -5.25,
                            -8.25
                          ],
                          [
                            0,
                            0
                          ],
                          [
                            -4.75,
                            -15.75
                          ],
                          [
                            -1.508,
                            -1.838
                          ],
                          [
                            -1.37,
                            0.576
                          ],
                          [
                            -1.022,
                            1.572
                          ],
                          [
                            -18.016,
                            -1.386
                          ],
                          [
                            -1.25,
                            -1
                          ],
                          [
                            3.344,
                            13.375
                          ],
                          [
                            0,
                            0
                          ],
                          [
                            2.75,
                            2.75
                          ],
                          [
                            -1.538,
                            -1.923
                          ],
                          [
                            -14.25,
                            3.5
                          ],
                          [
                            5.75,
                            8.75
                          ],
                          [
                            0,
                            0
                          ]
                        ],
                        "o": [
                          [
                            -4.25,
                            2.5
                          ],
                          [
                            0,
                            0
                          ],
                          [
                            0,
                            0
                          ],
                          [
                            0,
                            0
                          ],
                          [
                            0,
                            0
                          ],
                          [
                            -2.25,
                            2.5
                          ],
                          [
                            0,
                            0
                          ],
                          [
                            5.25,
                            8.25
                          ],
                          [
                            0,
                            0
                          ],
                          [
                            1.604,
                            5.318
                          ],
                          [
                            1.554,
                            1.894
                          ],
                          [
                            1.238,
                            -0.52
                          ],
                          [
                            3.25,
                            -5
                          ],
                          [
                            3.25,
                            0.25
                          ],
                          [
                            1.25,
                            1
                          ],
                          [
                            -0.5,
                            -2
                          ],
                          [
                            0,
                            0
                          ],
                          [
                            -2.75,
                            -2.75
                          ],
                          [
                            2,
                            2.5
                          ],
                          [
                            14.25,
                            -3.5
                          ],
                          [
                            -5.75,
                            -8.75
                          ],
                          [
                            0,
                            0
                          ]
                        ],
                        "v": [
                          [
                            18.5,
                            -27.75
                          ],
                          [
                            14.75,
                            -20.25
                          ],
                          [
                            4.058,
                            -23.074
                          ],
                          [
                            -4.856,
                            -25.429
                          ],
                          [
                            -11.75,
                            -27.25
                          ],
                          [
                            -41,
                            -20
                          ],
                          [
                            -47.5,
                            -26
                          ],
                          [
                            -48.75,
                            -20.5
                          ],
                          [
                            -43.75,
                            -15.5
                          ],
                          [
                            -48.5,
                            16.5
                          ],
                          [
                            -43.812,
                            26.951
                          ],
                          [
                            -39.405,
                            28.618
                          ],
                          [
                            -36,
                            25.25
                          ],
                          [
                            3,
                            19.5
                          ],
                          [
                            17,
                            26.75
                          ],
                          [
                            27.5,
                            19.5
                          ],
                          [
                            16.25,
                            13.25
                          ],
                          [
                            6.5,
                            5
                          ],
                          [
                            7.5,
                            2.25
                          ],
                          [
                            33.25,
                            13
                          ],
                          [
                            58.25,
                            -6.75
                          ],
                          [
                            28.5,
                            -22
                          ]
                        ],
                        "c": true
                      }
                    ],
                    "e": [
                      {
                        "i": [
                          [
                            3.047,
                            -1.793
                          ],
                          [
                            0,
                            0
                          ],
                          [
                            0,
                            0
                          ],
                          [
                            0,
                            0
                          ],
                          [
                            0,
                            0
                          ],
                          [
                            10.251,
                            -11.39
                          ],
                          [
                            0,
                            0
                          ],
                          [
                            -3.75,
                            -8.75
                          ],
                          [
                            0,
                            0
                          ],
                          [
                            3.591,
                            -15.85
                          ],
                          [
                            1.172,
                            -3.654
                          ],
                          [
                            0.489,
                            -1.248
                          ],
                          [
                            -4.588,
                            1.957
                          ],
                          [
                            -18.016,
                            -1.386
                          ],
                          [
                            0.5,
                            -0.5
                          ],
                          [
                            0,
                            6.27
                          ],
                          [
                            0,
                            0
                          ],
                          [
                            1.5,
                            3.5
                          ],
                          [
                            -1.538,
                            -1.923
                          ],
                          [
                            -14.25,
                            3.5
                          ],
                          [
                            3.5,
                            7.75
                          ],
                          [
                            0,
                            0
                          ]
                        ],
                        "o": [
                          [
                            -4.25,
                            2.5
                          ],
                          [
                            0,
                            0
                          ],
                          [
                            0,
                            0
                          ],
                          [
                            0,
                            0
                          ],
                          [
                            0,
                            0
                          ],
                          [
                            -2.25,
                            2.5
                          ],
                          [
                            0,
                            0
                          ],
                          [
                            3.852,
                            8.988
                          ],
                          [
                            0,
                            0
                          ],
                          [
                            -0.719,
                            3.175
                          ],
                          [
                            -1.631,
                            5.087
                          ],
                          [
                            -1.593,
                            4.065
                          ],
                          [
                            6.047,
                            -2.58
                          ],
                          [
                            3.25,
                            0.25
                          ],
                          [
                            6.5,
                            0.5
                          ],
                          [
                            0,
                            -2.75
                          ],
                          [
                            0,
                            0
                          ],
                          [
                            -1.532,
                            -3.575
                          ],
                          [
                            2,
                            2.5
                          ],
                          [
                            14.25,
                            -3.5
                          ],
                          [
                            -4.309,
                            -9.542
                          ],
                          [
                            0,
                            0
                          ]
                        ],
                        "v": [
                          [
                            16.262,
                            -27.809
                          ],
                          [
                            14.5,
                            -20.25
                          ],
                          [
                            3.074,
                            -23.297
                          ],
                          [
                            -4.971,
                            -25.442
                          ],
                          [
                            -11.75,
                            -27.25
                          ],
                          [
                            -41,
                            -20
                          ],
                          [
                            -47,
                            -25.25
                          ],
                          [
                            -49.75,
                            -21
                          ],
                          [
                            -43.75,
                            -15.5
                          ],
                          [
                            -50.169,
                            -4.277
                          ],
                          [
                            -51.13,
                            6.058
                          ],
                          [
                            -56.991,
                            17.37
                          ],
                          [
                            -35.981,
                            19.531
                          ],
                          [
                            3,
                            19.5
                          ],
                          [
                            23.602,
                            25.758
                          ],
                          [
                            31.31,
                            21.015
                          ],
                          [
                            14.75,
                            14
                          ],
                          [
                            6.5,
                            5
                          ],
                          [
                            9.75,
                            6.25
                          ],
                          [
                            34.18,
                            13.514
                          ],
                          [
                            58.406,
                            -10.128
                          ],
                          [
                            28.75,
                            -21
                          ]
                        ],
                        "c": true
                      }
                    ]
                  },
                  {
                    "t": 9
                  }
                ]
              },
              "nm": "Path 1",
              "mn": "ADBE Vector Shape - Group"
            },
            {
              "ty": "fl",
              "c": {
                "a": 0,
                "k": [
                  0.1647059,
                  0.7921569,
                  0.3137255,
                  1
                ]
              },
              "o": {
                "a": 0,
                "k": 100
              },
              "r": 1,
              "nm": "Fill 1",
              "mn": "ADBE Vector Graphic - Fill"
            },
            {
              "ty": "tr",
              "p": {
                "a": 0,
                "k": [
                  0,
                  0
                ],
                "ix": 2
              },
              "a": {
                "a": 0,
                "k": [
                  0,
                  0
                ],
                "ix": 1
              },
              "s": {
                "a": 0,
                "k": [
                  100,
                  100
                ],
                "ix": 3
              },
              "r": {
                "a": 0,
                "k": 0,
                "ix": 6
              },
              "o": {
                "a": 0,
                "k": 100,
                "ix": 7
              },
              "sk": {
                "a": 0,
                "k": 0,
                "ix": 4
              },
              "sa": {
                "a": 0,
                "k": 0,
                "ix": 5
              },
              "nm": "Transform"
            }
          ],
          "nm": "Shape 1",
          "np": 3,
          "cix": 2,
          "ix": 1,
          "mn": "ADBE Vector Group"
        }
      ],
      "ip": 0,
      "op": 11,
      "st": 0,
      "bm": 0,
      "sr": 1
    }
  ]
}